filename,worker_id,start_time,end_time,processing_time,num_patches,status
anon_06535ae1-326b-4bc0-97bc-41734207b0e3.svs,ForkPoolWorker-1,2025-09-15T16:49:02.597396,2025-09-15T16:57:58.601148,536.0037853259128,409,success
anon_0a92e560-0915-427e-b188-a437f81123d4.svs,ForkPoolWorker-2,2025-09-15T16:49:02.597638,2025-09-15T17:12:08.114419,1385.5168155110441,488,success
anon_20fd8210-0a31-4680-897e-a30645bf1ef4.svs,ForkPoolWorker-1,2025-09-15T16:57:58.601559,2025-09-15T17:14:20.457321,981.8557544040959,4650,success
anon_7269e0c4-5aaa-4ed4-a1bf-48dea03a91f5.svs,ForkPoolWorker-1,2025-09-15T17:14:20.457643,2025-09-15T17:20:21.457618,360.99996789800934,9,success
anon_0a03843b-9eb4-445e-9bb1-b8af91c1b144.svs,ForkPoolWorker-2,2025-09-15T17:12:08.114918,2025-09-15T17:31:13.636089,1145.5211621979252,434,success
anon_2fd0916b-3f28-4ffc-94b4-3968fbbb810a.svs,ForkPoolWorker-1,2025-09-15T17:20:21.457963,2025-09-15T17:33:48.399614,806.9416443959344,557,success
anon_2f159f92-d454-4034-8cda-e4e6c480bdf9.svs,ForkPoolWorker-1,2025-09-15T17:33:48.399953,2025-09-15T17:33:48.427427,0.027472351910546422,0,error
anon_3887010c-c7d6-453e-a8a1-631e503d748d.svs,ForkPoolWorker-1,2025-09-15T17:33:48.427629,2025-09-15T17:33:48.427702,7.33700580894947e-05,0,error
anon_558e1530-b2bf-4566-9baa-108ea6699ff5.svs,ForkPoolWorker-2,2025-09-15T17:31:13.636453,2025-09-15T17:44:22.430837,788.794374322053,450,success
anon_1813bea4-d116-4fd9-9a48-44b3f2a89360.svs,ForkPoolWorker-2,2025-09-15T17:44:22.431151,2025-09-15T17:44:22.431333,0.00018209591507911682,0,error
anon_aba71cf5-ce8c-44c5-bae8-95253ab4b16d.svs,ForkPoolWorker-2,2025-09-15T17:44:22.431421,2025-09-15T17:45:42.862617,80.43119449890219,33,success
anon_0d240a26-a376-41a2-bf75-c30c5ecb8f82.svs,ForkPoolWorker-1,2025-09-15T17:33:48.427779,2025-09-15T17:49:29.598639,941.1708524229471,373,success
anon_0fea4be7-b5a3-4a47-841c-6476bd30017a.svs,ForkPoolWorker-2,2025-09-15T17:45:42.862818,2025-09-15T17:56:18.413723,635.550896370085,185,success
anon_044e6863-5141-447c-9809-0812fb2b6458.svs,ForkPoolWorker-1,2025-09-15T17:49:29.598970,2025-09-15T17:58:28.267147,538.6681689610705,118,success
anon_21d6d1cd-5966-4829-8c77-75da7b836b4f.svs,ForkPoolWorker-2,2025-09-15T17:56:18.414056,2025-09-15T18:09:13.509889,775.0958237061277,47,success
anon_5501d2f4-660b-4102-aece-5eed43e79d74.svs,ForkPoolWorker-2,2025-09-15T18:09:13.510233,2025-09-15T18:09:13.525093,0.014858972048386931,0,error
anon_1f659897-5485-4747-88a3-e78d3777df5c.svs,ForkPoolWorker-2,2025-09-15T18:09:13.525216,2025-09-15T18:09:13.525292,7.629184983670712e-05,0,error
anon_146e84ef-5a85-4976-9ec7-40dd7f4c28cb.svs,ForkPoolWorker-2,2025-09-15T18:09:13.525369,2025-09-15T18:09:13.525424,5.5385055020451546e-05,0,error
anon_0a71f3fc-78ea-4779-a740-c5212ae14e31.svs,ForkPoolWorker-2,2025-09-15T18:09:13.525493,2025-09-15T18:09:13.525543,4.943902604281902e-05,0,error
anon_303c0ee5-3ba3-4c41-9943-54bafddd8b48.svs,ForkPoolWorker-2,2025-09-15T18:09:13.525611,2025-09-15T18:09:13.525659,4.843715578317642e-05,0,error
anon_0f7b4eb7-3e03-479f-8830-00be24dbf73c.svs,ForkPoolWorker-2,2025-09-15T18:09:13.525722,2025-09-15T18:09:13.525771,4.929606802761555e-05,0,error
anon_03e794d7-9779-495b-9aba-07bd51eeb9c4.svs,ForkPoolWorker-2,2025-09-15T18:09:13.525853,2025-09-15T18:09:13.525904,5.161203444004059e-05,0,error
anon_227c0bd6-eb43-47a2-b64f-367fc50a3c3a.svs,ForkPoolWorker-2,2025-09-15T18:09:13.525970,2025-09-15T18:09:13.548455,0.02248379308730364,0,error
anon_891ab781-140b-4b60-b0ef-a05704580a7e.svs,ForkPoolWorker-2,2025-09-15T18:09:13.548667,2025-09-15T18:09:13.548806,0.00013962294906377792,0,error
anon_1b674f93-1659-4338-97f6-07fc0d724f17.svs,ForkPoolWorker-2,2025-09-15T18:09:13.548964,2025-09-15T18:09:13.549067,0.00010375306010246277,0,error
anon_4144e707-557c-4605-9f60-63c121d65798.svs,ForkPoolWorker-1,2025-09-15T17:58:28.267468,2025-09-15T18:10:27.160851,718.8933742530644,168,success
anon_52536821-9079-43b2-be78-31518f193eb2.svs,ForkPoolWorker-1,2025-09-15T18:10:27.161175,2025-09-15T18:28:21.856550,1074.6953657080885,297,success
anon_15546c16-119a-4a46-91f3-e1e8e07b0004.svs,ForkPoolWorker-1,2025-09-15T18:28:21.856905,2025-09-15T18:28:21.857097,0.00019237701781094074,0,error
anon_568ca1f7-1bdd-44d1-9dac-6b9a71a999d3.svs,ForkPoolWorker-2,2025-09-15T18:09:13.549196,2025-09-15T18:28:59.093501,1185.5442898219917,572,success
anon_bfbf272e-3bb1-4161-b533-bb2ad3952d23.svs,ForkPoolWorker-2,2025-09-15T18:28:59.094010,2025-09-15T18:48:36.349401,1177.2553776919376,948,success
anon_5c1f7878-345d-4b1e-895d-f32d1a695459.svs,ForkPoolWorker-2,2025-09-15T18:48:36.349856,2025-09-15T18:48:36.350091,0.0002348390407860279,0,error
anon_a53eb785-32f8-4a2b-a01b-006dbb3c3fe7.svs,ForkPoolWorker-2,2025-09-15T18:48:36.350186,2025-09-15T18:48:36.350243,5.7484954595565796e-05,0,error
anon_c6b6468d-b561-425e-ad9d-b11e17e5301e.svs,ForkPoolWorker-2,2025-09-15T18:48:36.350305,2025-09-15T18:48:36.350351,4.615704528987408e-05,0,error
anon_09462cdb-1a3e-4dec-9698-6170bb8ecc1b.svs,ForkPoolWorker-2,2025-09-15T18:48:36.350408,2025-09-15T18:48:36.350450,4.187994636595249e-05,0,error
anon_e153751b-4bb2-4e61-9ac6-0145010c4b81.svs,ForkPoolWorker-2,2025-09-15T18:48:36.350502,2025-09-15T18:48:36.350546,4.4454121962189674e-05,0,error
anon_34576336-4f4f-4db6-a32b-cf44e813560a.svs,ForkPoolWorker-2,2025-09-15T18:48:36.350603,2025-09-15T18:48:36.350643,3.9594946429133415e-05,0,error
anon_88f3ff85-aca6-4ad6-a664-02a6f9e19dd1.svs,ForkPoolWorker-1,2025-09-15T18:28:21.857170,2025-09-15T18:49:24.853048,1262.9958680719137,473,success
anon_39d69855-6f95-410c-b074-8593c1c93d3f.svs,ForkPoolWorker-2,2025-09-15T18:48:36.350694,2025-09-15T19:00:21.934359,705.5836560369935,153,success
anon_0ff9e02b-56c6-480e-8405-76dcd965a8f3.svs,ForkPoolWorker-1,2025-09-15T18:49:24.853416,2025-09-15T19:07:26.522788,1081.6693647331558,432,success
anon_a9817e6d-45ff-42dc-b144-49848ba6f388.svs,ForkPoolWorker-1,2025-09-15T19:07:26.523125,2025-09-15T19:11:06.901204,220.37807159405202,46,success
anon_381954db-1f9e-42f1-9a6f-d507cdb68fba.svs,ForkPoolWorker-2,2025-09-15T19:00:21.934703,2025-09-15T19:11:34.566832,672.6321209298912,106,success
anon_464d0b0b-a3dc-4f66-93aa-f52066dd0bbf.svs,ForkPoolWorker-1,2025-09-15T19:11:06.901529,2025-09-15T19:19:38.587787,511.6862480759155,190,success
anon_9958057c-e28b-4d74-a273-e1e82e8d1a7f.svs,ForkPoolWorker-2,2025-09-15T19:11:34.567201,2025-09-15T19:20:35.329164,540.7619554789271,11,success
anon_1d8f3816-59f9-4629-9c19-c4c018220c66.svs,ForkPoolWorker-2,2025-09-15T19:20:35.329488,2025-09-15T19:29:50.665895,555.3363978050184,95,success
anon_0a23693a-a209-411a-84cc-5ada03956c0b.svs,ForkPoolWorker-1,2025-09-15T19:19:38.588158,2025-09-15T19:45:34.617066,1556.0288992482238,430,success
anon_0b909873-9ef8-4230-86d5-ce7b478be4cb.svs,ForkPoolWorker-1,2025-09-15T19:45:34.617445,2025-09-15T19:45:34.638271,0.02082362794317305,0,error
anon_494d43f4-e599-43d5-8d80-7ecddd6d4612.svs,ForkPoolWorker-1,2025-09-15T19:45:34.638637,2025-09-15T19:45:34.638872,0.00023541809059679508,0,error
anon_63481a44-0b76-4f91-b0a2-1cd101dbee1b.svs,ForkPoolWorker-2,2025-09-15T19:29:50.666184,2025-09-15T19:45:38.119095,947.4529002709314,86,success
anon_15c705d8-5cd3-42f0-a750-af60e71ce77c.svs,ForkPoolWorker-1,2025-09-15T19:45:34.639100,2025-09-15T19:52:10.698843,396.05973565089516,240,success
anon_21a7c61e-d2c2-444d-8991-cc0447d288a8.svs,ForkPoolWorker-2,2025-09-15T19:45:38.119474,2025-09-15T19:57:18.720437,700.6009539011866,452,success
anon_bf161f43-c473-4a13-8775-1819a6f8778a.svs,ForkPoolWorker-1,2025-09-15T19:52:10.699198,2025-09-15T20:00:57.105141,526.4059348849114,308,success
anon_384dcb70-1554-4215-9999-0ca67253005b.svs,ForkPoolWorker-1,2025-09-15T20:00:57.105508,2025-09-15T20:09:06.308124,489.202607173007,38,success
anon_398bf89d-9254-4a09-80f6-8853377a52e1.svs,ForkPoolWorker-2,2025-09-15T19:57:18.720760,2025-09-15T20:09:41.962483,743.2417159078177,203,success
anon_17ae73f3-f345-4529-acac-fc117d1eda3b.svs,ForkPoolWorker-1,2025-09-15T20:09:06.308476,2025-09-15T20:25:32.924625,986.6161400729325,427,success
anon_54824bdb-20d3-4c5c-9c9d-912952894f06.svs,ForkPoolWorker-2,2025-09-15T20:09:41.962776,2025-09-15T20:29:59.293526,1217.3307420981582,390,success
anon_053e0eaa-f63a-40d4-807b-764adabe4106.svs,ForkPoolWorker-1,2025-09-15T20:25:32.924988,2025-09-15T20:37:36.686379,723.7613836319651,332,success
anon_10b56982-3efb-493a-ba42-d35ffece85e4.svs,ForkPoolWorker-1,2025-09-15T20:37:36.686731,2025-09-15T20:40:57.860220,201.17348229279742,66,success
anon_0f784f2d-b0aa-4f0e-93e8-bc69c4065aa9.svs,ForkPoolWorker-2,2025-09-15T20:29:59.293862,2025-09-15T20:51:10.408406,1271.1145370011218,340,success
anon_43fa3759-eefc-4ca5-abcd-5638cb24111e.svs,ForkPoolWorker-1,2025-09-15T20:40:57.860524,2025-09-15T20:52:03.662094,665.8015499769244,236,success
anon_5055e854-6096-441a-bd08-4b797ab876bf.svs,ForkPoolWorker-2,2025-09-15T20:51:10.408704,2025-09-15T21:06:55.362000,944.9532884629443,129,success
anon_0e4e94a2-b3e6-4134-b7af-270cff066251.svs,ForkPoolWorker-1,2025-09-15T20:52:03.662438,2025-09-15T21:09:12.811457,1029.1490106619895,403,success
anon_7d597f88-bc5d-4957-bdfa-1522f3c10910.svs,ForkPoolWorker-2,2025-09-15T21:06:55.362300,2025-09-15T21:23:32.204018,996.8417107718997,328,success
anon_1d163b9d-0165-4f66-b086-e6107083dfea.svs,ForkPoolWorker-1,2025-09-15T21:09:12.811815,2025-09-15T21:25:53.992148,1001.1803249139339,296,success
anon_989dc1cb-e571-483b-a929-4cf9dd539ff2.svs,ForkPoolWorker-2,2025-09-15T21:23:32.204315,2025-09-15T21:32:19.675101,527.4707796960138,452,success
anon_6722dfc9-0ac7-4f11-85f1-cc73acb3ca49.svs,ForkPoolWorker-2,2025-09-15T21:32:19.675384,2025-09-15T21:32:19.691206,0.01581992208957672,0,error
anon_068fcd62-61d9-43ea-8936-87bf901f362b.svs,ForkPoolWorker-2,2025-09-15T21:32:19.691545,2025-09-15T21:32:19.693177,0.0016312580555677414,0,error
anon_17cc5999-8b5d-436b-865e-6822de98f09f.svs,ForkPoolWorker-2,2025-09-15T21:32:19.693474,2025-09-15T21:32:19.693673,0.00019931094720959663,0,error
anon_36594106-3aff-4eee-a8e9-7ff9cd6785e4.svs,ForkPoolWorker-2,2025-09-15T21:32:19.693904,2025-09-15T21:32:19.696385,0.00247833295725286,0,error
anon_31534bc9-4e57-45f3-8582-425c1a5252c7.svs,ForkPoolWorker-2,2025-09-15T21:32:19.696673,2025-09-15T21:32:19.696889,0.00021593808196485043,0,error
anon_72c939f7-39ec-4d37-b22a-6ab84160fc27.svs,ForkPoolWorker-1,2025-09-15T21:25:53.992485,2025-09-15T21:34:02.783453,488.79095911886543,237,success
anon_7d5a161d-3f40-4315-b293-bec114556514.svs,ForkPoolWorker-1,2025-09-15T21:34:02.783796,2025-09-15T21:34:02.805333,0.021534936036914587,0,error
anon_3115008d-39fc-498b-86c9-8eb75e963cfa.svs,ForkPoolWorker-2,2025-09-15T21:32:19.697123,2025-09-15T21:42:22.224937,602.5278078881092,92,success
anon_0e5a65af-11c7-4b8f-83e0-10489cf8e9bc.svs,ForkPoolWorker-1,2025-09-15T21:34:02.805637,2025-09-15T21:45:45.794374,702.9887308569159,440,success
anon_4bbaf7db-7c2b-49dc-9b82-70d2210f88a0.svs,ForkPoolWorker-1,2025-09-15T21:45:45.794722,2025-09-15T21:57:12.811177,687.0164481610991,378,success
anon_07197be8-301a-48f0-9f6c-e812674bf7be.svs,ForkPoolWorker-2,2025-09-15T21:42:22.225242,2025-09-15T21:59:09.185333,1006.9600859659258,382,success
anon_a0457839-7866-4ead-a4be-049362051b42.svs,ForkPoolWorker-1,2025-09-15T21:57:12.811509,2025-09-15T22:08:07.796022,654.9845053909812,320,success
anon_9d72b194-a6c4-4f66-bd47-00dbde36585d.svs,ForkPoolWorker-2,2025-09-15T21:59:09.185595,2025-09-15T22:14:31.275233,922.0896168230101,295,success
anon_0ddce746-46c6-4acf-8bb0-938a7ed2c4ea.svs,ForkPoolWorker-2,2025-09-15T22:14:31.275975,2025-09-15T22:22:33.292709,482.0167180360295,21,success
anon_3328572f-0c7b-48d3-9804-3bbbe1eaf722.svs,ForkPoolWorker-2,2025-09-15T22:22:33.293365,2025-09-15T22:35:53.419193,800.1258159698918,43,success
anon_5defa862-16ce-474f-9f9e-859e94c28492.svs,ForkPoolWorker-1,2025-09-15T22:08:07.796370,2025-09-15T22:41:08.707019,1980.9106403719634,1631,success
anon_4bdb6a23-4b0c-4b3d-a74e-d277c85f19e0.svs,ForkPoolWorker-2,2025-09-15T22:35:53.419705,2025-09-15T22:56:03.189688,1209.769977375865,273,success
anon_1f31dc3e-e3b6-496b-b1f5-5a098cacb857.svs,ForkPoolWorker-1,2025-09-15T22:41:08.707369,2025-09-15T22:56:52.787095,944.079717637971,298,success
anon_2e6253b4-6da6-4970-b785-2ec73077df90.svs,ForkPoolWorker-1,2025-09-15T22:56:52.787477,2025-09-15T23:13:43.668666,1010.8811808698811,674,success
anon_43ec7987-62e4-4a2a-929d-72126dcd31ee.svs,ForkPoolWorker-2,2025-09-15T22:56:03.189959,2025-09-15T23:15:19.529187,1156.3392049388494,438,success
anon_637d64b2-ae77-4551-add4-74589dd244e6.svs,ForkPoolWorker-2,2025-09-15T23:15:19.530052,2025-09-15T23:22:47.037391,447.5073298891075,226,success
anon_080b2c11-e3f9-406c-84f4-3b5bca6a15af.svs,ForkPoolWorker-1,2025-09-15T23:13:43.669308,2025-09-15T23:28:54.268676,910.5993614250328,165,success
anon_1151016e-78e7-414a-8c0c-6cb72b714fde.svs,ForkPoolWorker-2,2025-09-15T23:22:47.037791,2025-09-15T23:37:46.284886,899.2470849668607,294,success
anon_64f81682-2bcc-4101-ac64-3f2876ab8221.svs,ForkPoolWorker-1,2025-09-15T23:28:54.269011,2025-09-15T23:46:10.301673,1036.032654772047,284,success
anon_15725212-b5f5-4313-b362-898c3b37770b.svs,ForkPoolWorker-2,2025-09-15T23:37:46.285248,2025-09-15T23:52:14.150703,867.8654456969816,699,success
anon_3db7c816-17d2-4eb4-81cf-50033b9a2b18.svs,ForkPoolWorker-1,2025-09-15T23:46:10.302008,2025-09-15T23:54:23.077508,492.77549195312895,159,success
anon_3a9a8be7-b924-4670-a18f-0ffa05d7e15c.svs,ForkPoolWorker-2,2025-09-15T23:52:14.151088,2025-09-15T23:59:42.935167,448.78407113603316,337,success
anon_6ad09cf1-583a-48c4-910e-d5e0e96746ed.svs,ForkPoolWorker-1,2025-09-15T23:54:23.077870,2025-09-16T00:10:18.819239,955.7413614329416,4394,success
anon_0206e645-ea98-41e8-b2d4-c9e2646eb0f4.svs,ForkPoolWorker-2,2025-09-15T23:59:42.935726,2025-09-16T00:20:34.405063,1251.469330409076,298,success
anon_0562b751-540f-4bbd-92d2-fbe3fd3e8324.svs,ForkPoolWorker-1,2025-09-16T00:10:18.819659,2025-09-16T00:23:58.777135,819.9574677941855,46,success
anon_73d336c0-13b2-4156-bbab-3a9228d2f417.svs,ForkPoolWorker-2,2025-09-16T00:20:34.405398,2025-09-16T00:29:54.582764,560.1773585120682,219,success
anon_083df100-0eb1-49b0-8638-362ebc2bfac2.svs,ForkPoolWorker-1,2025-09-16T00:23:58.777676,2025-09-16T00:31:07.021925,428.2442414960824,46,success
anon_49d96733-8fc0-4ba1-abf9-4888a81ab164.svs,ForkPoolWorker-1,2025-09-16T00:31:07.022264,2025-09-16T00:39:53.087216,526.0649431140628,103,success
anon_2a3bdd41-aee4-4494-80e1-02131e5f4f23.svs,ForkPoolWorker-1,2025-09-16T00:39:53.087555,2025-09-16T00:49:50.595425,597.5078626521863,88,success
anon_7a2e2b11-181a-4842-b5f3-59a24b3c0988.svs,ForkPoolWorker-2,2025-09-16T00:29:54.583129,2025-09-16T00:51:26.831621,1292.2484769369476,227,success
anon_5be027c3-0d6f-450a-9a39-d298411cf761.svs,ForkPoolWorker-1,2025-09-16T00:49:50.595740,2025-09-16T01:01:31.134802,700.5390529700089,570,success
anon_9930e18d-20db-42f3-87e8-395305b738e7.svs,ForkPoolWorker-2,2025-09-16T00:51:26.832188,2025-09-16T01:08:49.398957,1042.5667449538596,433,success
anon_067eb287-4510-4be5-89d4-2fd97ab85963.svs,ForkPoolWorker-1,2025-09-16T01:01:31.135240,2025-09-16T01:18:14.154727,1003.0194759480655,226,success
anon_15784b4c-533d-42ee-962a-885d3af77918.svs,ForkPoolWorker-1,2025-09-16T01:18:14.155324,2025-09-16T01:28:28.239004,614.0836725719273,407,success
anon_8aa55d93-ef8b-442a-960a-e80ab2ed57ab.svs,ForkPoolWorker-2,2025-09-16T01:08:49.399739,2025-09-16T01:29:35.926209,1246.5264631870668,0,success
anon_394c3fc2-4dd7-458b-b95d-9bbde71fb947.svs,ForkPoolWorker-1,2025-09-16T01:28:28.239346,2025-09-16T01:39:51.426506,683.1871518190019,658,success
anon_8e0801ef-b54e-468a-b94e-36f76955277f.svs,ForkPoolWorker-2,2025-09-16T01:29:35.926570,2025-09-16T01:42:44.715575,788.7889870600775,759,success
anon_0b4bfdd8-dfbd-4b59-ac39-ef091e3aa683.svs,ForkPoolWorker-1,2025-09-16T01:39:51.427065,2025-09-16T01:48:50.876826,539.4497530888766,143,success
anon_5ed35827-5bd0-4f5e-a6e8-b042d1b5fded.svs,ForkPoolWorker-2,2025-09-16T01:42:44.716191,2025-09-16T01:55:55.012664,790.2964675819967,311,success
anon_0f1074e4-4669-4703-a4e9-34bfb399f7d7.svs,ForkPoolWorker-1,2025-09-16T01:48:50.877168,2025-09-16T02:07:17.795792,1106.918618396856,297,success
anon_4f137412-85ed-4cc4-ab26-e3947323eb97.svs,ForkPoolWorker-1,2025-09-16T02:07:17.796101,2025-09-16T02:12:44.365984,326.56987633602694,254,success
anon_16fee37d-edc3-4373-8652-1abb5b6517fe.svs,ForkPoolWorker-2,2025-09-16T01:55:55.012937,2025-09-16T02:17:26.513920,1291.500972324051,789,success
anon_6a8589d9-221d-4c28-924d-5ff4ed15e2b7.svs,ForkPoolWorker-1,2025-09-16T02:12:44.366430,2025-09-16T02:31:31.325715,1126.9592774650082,815,success
anon_489a1eda-7025-423d-a978-b640e02f882a.svs,ForkPoolWorker-2,2025-09-16T02:17:26.514227,2025-09-16T02:41:17.787737,1431.2735016029328,928,success
anon_6e659d9b-22a4-4e67-8be2-2ce37672b0f4.svs,ForkPoolWorker-1,2025-09-16T02:31:31.326071,2025-09-16T02:45:27.128666,835.8025873210281,381,success
anon_74d265a5-cf16-4a4f-a97d-b9ab4c9f6232.svs,ForkPoolWorker-2,2025-09-16T02:41:17.788065,2025-09-16T02:55:44.797795,867.0097235180438,385,success
anon_210c50e7-990a-401c-9bae-f01b036dc8a2.svs,ForkPoolWorker-1,2025-09-16T02:45:27.129018,2025-09-16T03:01:56.354555,989.2255254939664,1109,success
anon_7e5d6496-ffce-4e06-9207-3b545b548c07.svs,ForkPoolWorker-2,2025-09-16T02:55:44.798232,2025-09-16T03:08:28.048170,763.2499291680288,413,success
anon_28e6d19e-3f30-4b02-9b1f-9a02a54ec7d4.svs,ForkPoolWorker-2,2025-09-16T03:08:28.048499,2025-09-16T03:13:58.342186,330.2936800739262,73,success
anon_b9ed5d14-e6b3-4577-b699-866b846799e8.svs,ForkPoolWorker-2,2025-09-16T03:13:58.342860,2025-09-16T03:13:58.365832,0.022968576988205314,0,error
anon_0ba846ef-d009-4dee-b5eb-c8d3f24e7fa8.svs,ForkPoolWorker-1,2025-09-16T03:01:56.354944,2025-09-16T03:27:40.397471,1544.0425181000028,451,success
anon_93526a37-07ed-4ae8-838d-cfee03db87e2.svs,ForkPoolWorker-2,2025-09-16T03:13:58.366208,2025-09-16T03:30:47.173103,1008.8068769420497,85,success
anon_42ce3a56-25ff-40f4-aad7-7e6aefd74683.svs,ForkPoolWorker-2,2025-09-16T03:30:47.173833,2025-09-16T03:30:47.174215,0.00038231397047638893,0,error
anon_6afa838f-d418-4982-96ed-b59c8c58ca4c.svs,ForkPoolWorker-2,2025-09-16T03:30:47.174321,2025-09-16T03:30:47.174393,7.19618983566761e-05,0,error
anon_024a6913-4084-4d6d-92b2-a5509dcc190f.svs,ForkPoolWorker-2,2025-09-16T03:30:47.174462,2025-09-16T03:30:47.178671,0.004207156831398606,0,error
anon_1a755970-a790-4080-b8e6-1d8f184cb266.svs,ForkPoolWorker-2,2025-09-16T03:30:47.178836,2025-09-16T03:30:47.225730,0.046890928875654936,0,error
anon_ea21c99b-c118-4b21-ae75-e8b29a9169e3.svs,ForkPoolWorker-2,2025-09-16T03:30:47.226489,2025-09-16T03:30:47.228016,0.0015271161682903767,0,error
anon_dda861bb-d237-474e-ab5f-0a739591809c.svs,ForkPoolWorker-2,2025-09-16T03:30:47.228407,2025-09-16T03:30:47.228739,0.0003493400290608406,0,error
anon_4d4c548b-fea9-477a-9dae-b7f90a3aa842.svs,ForkPoolWorker-2,2025-09-16T03:30:47.229045,2025-09-16T03:30:47.231565,0.0025203698314726353,0,error
anon_10335c86-a9b6-4460-9079-2778bff41774.svs,ForkPoolWorker-2,2025-09-16T03:30:47.231948,2025-09-16T03:30:47.234692,0.002743738004937768,0,error
anon_339f1e3f-3f67-43ee-b915-b1ec66bdf031.svs,ForkPoolWorker-2,2025-09-16T03:30:47.234996,2025-09-16T03:30:47.258139,0.02314155292697251,0,error
anon_103a3d71-3c3e-4322-b2ed-63d9467b1277.svs,ForkPoolWorker-2,2025-09-16T03:30:47.258867,2025-09-16T03:30:47.280936,0.022068430902436376,0,error
anon_fc5f9d74-bf37-4379-8f6f-650070a4474c.svs,ForkPoolWorker-2,2025-09-16T03:30:47.281378,2025-09-16T03:30:47.281669,0.00029211491346359253,0,error
anon_09ee2504-297e-4af8-97f5-fa95911f70da.svs,ForkPoolWorker-2,2025-09-16T03:30:47.282029,2025-09-16T03:30:47.284726,0.0027027179021388292,0,error
anon_1c1cd0b0-27c7-4b41-9a6f-9685761ac1e8.svs,ForkPoolWorker-2,2025-09-16T03:30:47.285084,2025-09-16T03:56:00.447265,1513.1619227810297,913,success
anon_8803073f-45b9-4815-88b9-63966831f002.svs,ForkPoolWorker-1,2025-09-16T03:27:40.397820,2025-09-16T03:56:16.435771,1716.0379366960842,217,success
anon_c4d8ceaf-55d7-4bdd-adba-c93ee025ca1c.svs,ForkPoolWorker-1,2025-09-16T03:56:16.436109,2025-09-16T03:56:16.438953,0.002843610942363739,0,error
anon_b9e1178e-74e1-48ac-9cc0-398c874405da.svs,ForkPoolWorker-1,2025-09-16T03:56:16.439205,2025-09-16T04:14:18.554450,1082.1152378250845,155,success
anon_0d34bec2-dd56-4683-9ece-feec74df2f85.svs,ForkPoolWorker-1,2025-09-16T04:14:18.554771,2025-09-16T04:14:18.554962,0.00019130203872919083,0,error
anon_49d2c11d-4a38-4b0d-9650-b2064908ca57.svs,ForkPoolWorker-1,2025-09-16T04:14:18.555169,2025-09-16T04:14:18.555226,5.6658871471881866e-05,0,error
anon_23ee9265-c54f-4356-8719-5a1a19ed62b2.svs,ForkPoolWorker-1,2025-09-16T04:14:18.555275,2025-09-16T04:14:18.555312,3.756699152290821e-05,0,error
anon_fe05406a-a40c-4fd1-baec-3d05f4beffaa.svs,ForkPoolWorker-2,2025-09-16T03:56:00.448006,2025-09-16T04:22:44.452603,1604.004593962105,3099,success
anon_1c02914b-198b-47a5-92c1-530e4e30e88e.svs,ForkPoolWorker-2,2025-09-16T04:22:44.452818,2025-09-16T04:22:44.458626,0.005806470988318324,0,error
anon_52a40014-3d24-490d-8cf1-d56c9635df28.svs,ForkPoolWorker-2,2025-09-16T04:22:44.459798,2025-09-16T04:22:44.459872,7.375399582087994e-05,0,error
anon_013c8df0-d699-4880-92e4-949945954614.svs,ForkPoolWorker-2,2025-09-16T04:22:44.459943,2025-09-16T04:22:44.459991,4.8174988478422165e-05,0,error
anon_21fbed66-8f0c-4051-9ecb-c4fcd7853687.svs,ForkPoolWorker-2,2025-09-16T04:22:44.460053,2025-09-16T04:22:44.461257,0.0012042350135743618,0,error
anon_4de12cb8-dcba-4ecb-b5a2-46136b64fd50.svs,ForkPoolWorker-2,2025-09-16T04:22:44.461468,2025-09-16T04:22:44.461525,5.672406405210495e-05,0,error
anon_699723c5-9335-4552-93df-bc5e290f693d.svs,ForkPoolWorker-2,2025-09-16T04:22:44.461589,2025-09-16T04:22:44.461634,4.509603604674339e-05,0,error
anon_168df3d0-8aae-4836-939b-e4ae0a041246.svs,ForkPoolWorker-1,2025-09-16T04:14:18.555357,2025-09-16T04:30:34.449098,975.8937342590652,164,success
anon_246a88de-dc77-44ac-96df-4e47bcf9b42e.svs,ForkPoolWorker-1,2025-09-16T04:30:34.449365,2025-09-16T04:30:34.478160,0.02879268815740943,0,error
anon_1461269b-9338-4a43-a255-2bb73dee974e.svs,ForkPoolWorker-1,2025-09-16T04:30:34.478691,2025-09-16T04:30:34.480105,0.0014130771160125732,0,error
anon_1ea0a7e0-9ead-4735-bd9a-c2c93329c018.svs,ForkPoolWorker-1,2025-09-16T04:30:34.480406,2025-09-16T04:30:34.480603,0.00019727717153728008,0,error
anon_8276fa41-b878-4838-b462-e57a5cb39ff8.svs,ForkPoolWorker-2,2025-09-16T04:22:44.461699,2025-09-16T04:33:11.360893,626.899187394185,145,success
anon_396cd0c5-99c1-4a67-92ed-bea46cc3784a.svs,ForkPoolWorker-2,2025-09-16T04:33:11.361722,2025-09-16T04:33:11.361911,0.00018860981799662113,0,error
anon_3af6dfb2-d46b-4c22-b19e-cfd7318ec418.svs,ForkPoolWorker-2,2025-09-16T04:33:11.362024,2025-09-16T04:33:11.373883,0.011858238838613033,0,error
anon_0e17845a-2c5b-4127-ae8c-8355cd6f357f.svs,ForkPoolWorker-2,2025-09-16T04:33:11.374186,2025-09-16T04:33:11.396211,0.022021676180884242,0,error
anon_38b822c8-7415-4e90-8b34-fd7de1a19af7.svs,ForkPoolWorker-1,2025-09-16T04:30:34.480836,2025-09-16T04:36:50.269544,375.78870166512206,216,success
anon_0d19d94b-827e-49cd-833e-92910aca8510.svs,ForkPoolWorker-1,2025-09-16T04:36:50.269872,2025-09-16T04:36:50.287229,0.017354211071506143,0,error
anon_17ab806b-2c16-490a-b593-b1d7a5e786e1.svs,ForkPoolWorker-1,2025-09-16T04:36:50.287574,2025-09-16T04:56:25.890088,1175.6025071679614,211,success
anon_315c28f3-3199-4131-834a-bc7c9bcc8c67.svs,ForkPoolWorker-2,2025-09-16T04:33:11.397658,2025-09-16T05:01:30.674664,1699.276996661909,521,success
anon_2e673b64-4ae1-4f89-a880-81ee40eb41a6.svs,ForkPoolWorker-1,2025-09-16T04:56:25.890466,2025-09-16T05:08:46.527766,740.6372933720704,230,success
anon_2cf1c92b-c810-43a6-a5b2-54ebc322a858.svs,ForkPoolWorker-2,2025-09-16T05:01:30.675033,2025-09-16T05:17:12.137806,941.4627634338103,362,success
anon_d1c63fcc-cdc7-4f4a-b1c1-2b9258739dad.svs,ForkPoolWorker-2,2025-09-16T05:17:12.138159,2025-09-16T05:17:12.156185,0.018023604061454535,0,error
anon_3273d58d-211d-4057-86dd-689ac3778e98.svs,ForkPoolWorker-1,2025-09-16T05:08:46.528221,2025-09-16T05:20:29.218398,702.6901694179978,48,success
anon_16e1b8ad-e68f-40c6-bb7e-8325bdd37921.svs,ForkPoolWorker-2,2025-09-16T05:17:12.156743,2025-09-16T05:28:26.417804,674.2610561121255,51,success
anon_323b4c90-d5af-4ee9-9d3b-d9687cb85ed9.svs,ForkPoolWorker-2,2025-09-16T05:28:26.418155,2025-09-16T05:29:20.928226,54.51006549410522,5,success
anon_f93ac9d2-b676-4a2b-b768-f4c3ae84f4b8.svs,ForkPoolWorker-2,2025-09-16T05:29:20.928515,2025-09-16T05:29:20.928624,0.00010930607095360756,0,error
anon_59683ffd-f867-482e-bf01-73e063191249.svs,ForkPoolWorker-1,2025-09-16T05:20:29.218760,2025-09-16T05:33:45.571019,796.3522423000541,172,success
anon_2815c0af-2609-44c9-896b-ad55e4e187c6.svs,ForkPoolWorker-2,2025-09-16T05:29:20.928686,2025-09-16T05:45:04.379320,943.4506191369146,142,success
anon_34721aab-a7d7-464c-87b2-6c195d70928c.svs,ForkPoolWorker-1,2025-09-16T05:33:45.572476,2025-09-16T05:48:43.224187,897.6517029539682,93,success
anon_1f13da82-1f96-42fb-a8a6-608bfd8cd37a.svs,ForkPoolWorker-1,2025-09-16T05:48:43.224580,2025-09-16T06:02:12.026287,808.8016991631594,431,success
anon_4f31ed3e-b3e9-454f-bef1-b4ee0cebd30a.svs,ForkPoolWorker-2,2025-09-16T05:45:04.380000,2025-09-16T06:02:35.221494,1050.8414855860174,728,success
anon_50e13a2e-8fba-4734-99a4-b52701038d1a.svs,ForkPoolWorker-2,2025-09-16T06:02:35.221853,2025-09-16T06:02:35.222020,0.00016737799160182476,0,error
anon_4b37e3c5-4ed5-41f1-8c8a-373fe3298963.svs,ForkPoolWorker-2,2025-09-16T06:02:35.222112,2025-09-16T06:02:35.222154,4.164618439972401e-05,0,error
anon_12dbb067-e007-40f2-92da-d355b23d425c.svs,ForkPoolWorker-2,2025-09-16T06:02:35.222201,2025-09-16T06:12:31.940086,596.7178764701821,116,success
anon_24402cdb-768f-4de8-a381-2da123f1b826.svs,ForkPoolWorker-1,2025-09-16T06:02:12.026635,2025-09-16T06:15:37.044263,805.0176224070601,653,success
anon_5bdee91a-a0c5-4d00-9990-5f17445b9ffb.svs,ForkPoolWorker-2,2025-09-16T06:12:31.940391,2025-09-16T06:25:11.565982,759.6255790570285,420,success
anon_5238cf24-df74-436b-ab89-377886c45eba.svs,ForkPoolWorker-1,2025-09-16T06:15:37.044574,2025-09-16T06:36:57.459726,1280.4151447508484,960,success
anon_96788757-c52c-47ca-bc0e-ed2dbc621751.svs,ForkPoolWorker-2,2025-09-16T06:25:11.566297,2025-09-16T06:46:45.246006,1293.679699857952,361,success
anon_43ea1e89-7c58-4c9f-8a4d-faed452252c3.svs,ForkPoolWorker-2,2025-09-16T06:46:45.246382,2025-09-16T06:53:38.671651,413.4252555309795,158,success
anon_565c83e3-95c0-478f-9d3f-ce8610fc852a.svs,ForkPoolWorker-1,2025-09-16T06:36:57.462003,2025-09-16T06:55:01.147571,1083.6855588248,145,success
anon_41cfe3cb-12f2-4a23-b28a-9d570b2c3b49.svs,ForkPoolWorker-2,2025-09-16T06:53:38.672133,2025-09-16T07:00:49.729479,431.0573400580324,218,success
anon_82fe6fd3-de03-449d-99b8-d663a3d57f59.svs,ForkPoolWorker-1,2025-09-16T06:55:01.148025,2025-09-16T07:11:05.783901,964.6358683779836,260,success
anon_182d9f80-a6b7-4f14-9d70-796890b134cd.svs,ForkPoolWorker-1,2025-09-16T07:11:05.784385,2025-09-16T07:17:05.192356,359.40796310198493,101,success
anon_8add5ebe-f8d9-48ec-820b-5ab5646f7813.svs,ForkPoolWorker-2,2025-09-16T07:00:49.729758,2025-09-16T07:17:09.487630,979.7578638929408,408,success
anon_69d8fe99-e014-4dd0-98f3-395eb196d14f.svs,ForkPoolWorker-2,2025-09-16T07:17:09.487965,2025-09-16T07:28:55.588360,706.1003800339531,549,success
anon_03461d80-55ba-4de1-b303-a83c0657a6ea.svs,ForkPoolWorker-1,2025-09-16T07:17:05.192685,2025-09-16T07:34:53.494391,1068.30169716198,328,success
anon_3afec0a8-4f15-467f-800c-173104f551b2.svs,ForkPoolWorker-1,2025-09-16T07:34:53.494744,2025-09-16T07:34:53.554380,0.059634142089635134,0,error
anon_d4065879-96e4-463a-9580-8d00c7f6d539.svs,ForkPoolWorker-2,2025-09-16T07:28:55.589180,2025-09-16T07:43:36.484140,880.8949496301357,312,success
anon_abed3e3c-dd9a-440c-8ebe-522973cd8f3d.svs,ForkPoolWorker-1,2025-09-16T07:34:53.554908,2025-09-16T07:51:33.702507,1000.1475915948395,265,success
anon_3e3a3a00-4c84-4a53-ba25-db4017b12e19.svs,ForkPoolWorker-1,2025-09-16T07:51:33.702875,2025-09-16T08:00:39.646004,545.943122920813,85,success
anon_5c41aa92-b64d-4836-bc6e-982f024f6bd6.svs,ForkPoolWorker-2,2025-09-16T07:43:36.484568,2025-09-16T08:01:12.849300,1056.3647261669394,796,success
anon_398dd41e-4d8d-494d-9fec-433650eda33c.svs,ForkPoolWorker-2,2025-09-16T08:01:12.849644,2025-09-16T08:12:19.428474,666.5788145740516,155,success
anon_08577cc7-1f7b-4d89-bf6a-063bdd17eb8a.svs,ForkPoolWorker-2,2025-09-16T08:12:19.429159,2025-09-16T08:20:27.556791,488.12762105697766,74,success
anon_3697f2ca-68ae-4bb7-be28-759c9b9de4e2.svs,ForkPoolWorker-1,2025-09-16T08:00:39.646371,2025-09-16T08:35:18.768034,2079.121424324112,1362,success
anon_03d5c482-fba4-4e37-bc9c-7c0b0d059a76.svs,ForkPoolWorker-1,2025-09-16T08:35:18.768703,2025-09-16T08:35:18.779945,0.011241096071898937,0,error
anon_5f74b0a5-0c82-4329-b441-bb5144fa4f45.svs,ForkPoolWorker-1,2025-09-16T08:35:18.780185,2025-09-16T08:35:18.780324,0.0001392450649291277,0,error
anon_16b94040-b657-4a99-87b4-35475e33b091.svs,ForkPoolWorker-2,2025-09-16T08:20:27.557252,2025-09-16T08:38:09.587074,1062.0298080279026,410,success
anon_0d2e9b5f-40c9-4e7f-b3bf-c256af52f4c5.svs,ForkPoolWorker-1,2025-09-16T08:35:18.780463,2025-09-16T08:49:55.542084,876.7616035898682,641,success
anon_06799ec7-6de5-4ee4-9964-120063f1a28c.svs,ForkPoolWorker-1,2025-09-16T08:49:55.543009,2025-09-16T08:51:37.454401,101.91138164210133,3,success
anon_60c2b28f-fc5d-48c5-9dde-37dacf1fb4eb.svs,ForkPoolWorker-2,2025-09-16T08:38:09.587564,2025-09-16T08:57:09.609907,1140.02233525482,310,success
anon_8af4c49f-588f-4f31-9e0d-b07a2e5de80c.svs,ForkPoolWorker-1,2025-09-16T08:51:37.454736,2025-09-16T09:12:05.650280,1228.1955357240513,1075,success
anon_067ef68a-358d-4913-a11b-62e30fb5e3ff.svs,ForkPoolWorker-2,2025-09-16T08:57:09.610239,2025-09-16T09:15:10.744529,1081.1342800799757,858,success
anon_3fe62471-12d6-4ab0-a713-d83aff76d047.svs,ForkPoolWorker-2,2025-09-16T09:15:10.744992,2025-09-16T09:36:06.856975,1256.111973014893,295,success
anon_636efd71-cdc8-4d89-8a40-2d78458c9589.svs,ForkPoolWorker-1,2025-09-16T09:12:05.650683,2025-09-16T09:43:49.036715,1903.3860269661527,543,success
anon_61126b09-df13-46e7-b86f-0588478ebe29.svs,ForkPoolWorker-1,2025-09-16T09:43:49.037000,2025-09-16T09:53:20.004991,570.9679838919546,261,success
anon_6e6b74da-05a0-452a-9937-38f652a9e545.svs,ForkPoolWorker-2,2025-09-16T09:36:06.857373,2025-09-16T09:58:26.404493,1339.54711344908,203,success
anon_3f5dcb99-92eb-4c44-8824-ec5ea2e095f5.svs,ForkPoolWorker-1,2025-09-16T09:53:20.005422,2025-09-16T10:15:51.082633,1351.077205532929,790,success
anon_17ba9c6b-27f1-4e2f-9a29-517d712a1111.svs,ForkPoolWorker-2,2025-09-16T09:58:26.404859,2025-09-16T10:16:00.993632,1054.5887643198948,467,success
anon_2953ae77-5bf7-490a-82aa-59dd971afad5.svs,ForkPoolWorker-1,2025-09-16T10:15:51.082933,2025-09-16T10:27:59.022949,727.9400085380767,183,success
anon_bbcca83b-f5a0-4d0c-9d90-e685ed57aac8.svs,ForkPoolWorker-2,2025-09-16T10:16:00.993973,2025-09-16T10:28:26.293023,745.2990336229559,505,success
anon_d53212d8-2a9e-4cfb-a8a0-8c14562cf86d.svs,ForkPoolWorker-2,2025-09-16T10:28:26.293883,2025-09-16T10:41:49.137078,802.8431765488349,362,success
anon_7da799c1-f3c0-4995-8a86-bba15a1ec8ab.svs,ForkPoolWorker-2,2025-09-16T10:41:49.137972,2025-09-16T10:41:49.164296,0.026322943158447742,0,error
anon_af1660f3-4704-4fcd-8f4b-8c4e49f589c3.svs,ForkPoolWorker-1,2025-09-16T10:27:59.023280,2025-09-16T10:41:53.806129,834.7828414139803,128,success
anon_01934e1a-9562-4b3c-a63a-3a9294febfb4.svs,ForkPoolWorker-1,2025-09-16T10:41:53.806470,2025-09-16T10:55:32.322611,818.5161331440322,444,success
anon_021a96e8-7336-4456-9c19-780a1e0d1231.svs,ForkPoolWorker-2,2025-09-16T10:41:49.164724,2025-09-16T11:11:34.437675,1785.2729448350146,125,success
anon_645a03a7-17e7-43b0-82bb-d7e18df81e72.svs,ForkPoolWorker-2,2025-09-16T11:11:34.438107,2025-09-16T11:27:25.101240,950.6631147919688,262,success
anon_2aa4b841-5b07-4a5e-9eb1-0705bf0e0039.svs,ForkPoolWorker-1,2025-09-16T10:55:32.322929,2025-09-16T11:28:25.036805,1972.7138675679453,366,success
anon_2364f61e-106e-40f6-89a6-a8ffe799f1f0.svs,ForkPoolWorker-2,2025-09-16T11:27:25.101786,2025-09-16T11:42:06.609284,881.5074865701608,616,success
anon_3edcd398-2903-4ddb-b221-ff1895edd691.svs,ForkPoolWorker-1,2025-09-16T11:28:25.037290,2025-09-16T11:49:19.444481,1254.4071820029058,534,success
anon_52163b1c-7ffe-4094-86a0-d7697bb128fa.svs,ForkPoolWorker-1,2025-09-16T11:49:19.444848,2025-09-16T12:00:35.569773,676.1248987121508,426,success
anon_20317051-f33a-4bcc-94da-7d1ba9120dea.svs,ForkPoolWorker-2,2025-09-16T11:42:06.609827,2025-09-16T12:03:42.534671,1295.9248222319875,665,success
anon_4472c1bc-3419-47e5-b42f-cb63e8f894fe.svs,ForkPoolWorker-2,2025-09-16T12:03:42.536293,2025-09-16T12:14:53.428677,670.8923771451227,114,success
anon_cfd6e37f-6dbd-4f84-896e-38c6bd0db815.svs,ForkPoolWorker-2,2025-09-16T12:14:53.429032,2025-09-16T12:14:53.440751,0.011715998873114586,0,error
